{
    "p_sub_spam": {
        "fwd": 0.3333333333333333,
        "porn": 0.3333333333333333,
        "money": 0.3333333333333333
    },
    "p_sub_ham": {
        "term": 0.5,
        "paper": 0.5
    },
    "p_body_spam": {
        "make": 0.0967741935483871,
        "day": 0.06451612903225806,
        "adult": 0.06451612903225806,
        "industri": 0.03225806451612903,
        "bring": 0.03225806451612903,
        "rich": 0.03225806451612903,
        "beyond": 0.03225806451612903,
        "wildest": 0.03225806451612903,
        "dream": 0.03225806451612903,
        "littl": 0.03225806451612903,
        "invest": 0.03225806451612903,
        "show": 0.03225806451612903,
        "fortun": 0.03225806451612903,
        "becom": 0.03225806451612903,
        "webmast": 0.03225806451612903,
        "part": 0.03225806451612903,
        "full": 0.03225806451612903,
        "time": 0.03225806451612903,
        "would": 0.03225806451612903,
        "prefer": 0.03225806451612903,
        "receiv": 0.03225806451612903,
        "messag": 0.03225806451612903,
        "check": 0.03225806451612903,
        "email": 0.03225806451612903,
        "remov": 0.03225806451612903,
        "within": 0.03225806451612903,
        "hr": 0.03225806451612903
    },
    "p_body_ham": {
        "kaminski": 0.058823529411764705,
        "attach": 0.11764705882352941,
        "pleas": 0.058823529411764705,
        "find": 0.058823529411764705,
        "copi": 0.058823529411764705,
        "term": 0.058823529411764705,
        "paper": 0.058823529411764705,
        "advis": 0.058823529411764705,
        "experi": 0.058823529411764705,
        "problem": 0.058823529411764705,
        "open": 0.058823529411764705,
        "best": 0.058823529411764705,
        "regard": 0.058823529411764705,
        "ken": 0.058823529411764705,
        "jett": 0.058823529411764705,
        "combo": 0.058823529411764705
    }
}